fila,columna,sala_detectada,sala_real,tiene_objeto,std,plantilla,similitud,tipo_detectado,tipo_real,estado
0,0,Gerencia,Gerencia,False,0.0,,,,,vacio
0,1,Gerencia,Gerencia,False,0.0,,,,,vacio
0,2,Gerencia,Gerencia,True,43.0,computadora,0.7376,computadora,computadora,ok
0,3,Archivo,Archivo,False,0.0,,,,,vacio
0,4,Archivo,Archivo,True,39.2,mesa-2,0.7991,mesas,mesas,ok
0,5,Archivo,Archivo,False,0.0,,,,,vacio
1,0,Gerencia,Gerencia,False,0.0,,,,,vacio
1,1,Gerencia,Gerencia,True,35.33,silla-2,0.8124,sillas,sillas,ok
1,2,Gerencia,Gerencia,False,0.0,,,,,vacio
1,3,Archivo,Archivo,False,0.0,,,,,vacio
1,4,Archivo,Archivo,False,0.0,,,,,vacio
1,5,Archivo,Archivo,True,57.87,silla-2,0.8271,sillas,sillas,ok
2,0,Gerencia,Gerencia,False,0.0,,,,,vacio
2,1,Gerencia,Gerencia,False,0.0,,,,,vacio
2,2,Gerencia,Gerencia,False,0.0,,,,,vacio
2,3,Archivo,Archivo,True,39.47,mesa-2,0.803,mesas,mesas,ok
2,4,Archivo,Archivo,False,0.0,,,,,vacio
2,5,Archivo,Archivo,False,0.0,,,,,vacio
3,0,Open Office,Open Office,False,0.0,,,,,vacio
3,1,Open Office,Open Office,True,26.79,mesa-2,0.859,mesas,mesas,ok
3,2,Open Office,Open Office,False,0.0,,,,,vacio
3,3,Open Office,Open Office,False,0.0,,,,,vacio
3,4,Open Office,Open Office,True,23.11,mesa-1,0.8479,mesas,mesas,ok
3,5,Open Office,Open Office,False,0.0,,,,,vacio
4,0,Open Office,Open Office,True,42.69,planta,0.795,plantas,plantas,ok
4,1,Open Office,Open Office,False,0.0,,,,,vacio
4,2,Open Office,Open Office,False,0.0,,,,,vacio
4,3,Open Office,Open Office,False,0.0,,,,,vacio
4,4,Open Office,Open Office,True,29.53,silla-2,0.8009,sillas,sillas,ok
4,5,Open Office,Open Office,False,0.0,,,,,vacio
5,0,Open Office,Open Office,False,0.0,,,,,vacio
5,1,Open Office,Open Office,False,0.0,,,,,vacio
5,2,Open Office,Open Office,True,29.76,silla-2,0.813,sillas,sillas,ok
5,3,Open Office,Open Office,False,0.0,,,,,vacio
5,4,Open Office,Open Office,False,0.0,,,,,vacio
5,5,Open Office,Open Office,True,43.43,planta,0.7963,plantas,plantas,ok
